<?xml version="1.0" encoding="UTF-8"?>
<project-private xmlns="http://www.netbeans.org/ns/project-private/1">
    <editor-bookmarks xmlns="http://www.netbeans.org/ns/editor-bookmarks/2" lastBookmarkId="0"/>
    <open-files xmlns="http://www.netbeans.org/ns/projectui-open-files/2">
        <group>
            <file>file:/var/www/enfusen.com/medstar/wp-content/plugins/settings/views/front_dropdownsites.php</file>
            <file>file:/var/www/enfusen.com/medstar/wp-content/plugins/settings/views/reset_pwd.php</file>
            <file>file:/var/www/enfusen.com/medstar/wp-content/plugins/settings/settings.php</file>
            <file>file:/var/www/enfusen.com/medstar/wp-content/plugins/settings/library/settings-lib.php</file>
            <file>file:/var/www/enfusen.com/medstar/wp-content/plugins/settings/views/assign_locations.php</file>
            <file>file:/var/www/enfusen.com/medstar/wp-content/plugins/settings/views/executions.php</file>
            <file>file:/var/www/enfusen.com/medstar/wp-content/plugins/settings/assets/js/script.js</file>
            <file>file:/var/www/enfusen.com/medstar/wp-content/plugins/settings/views/ga_connect.php</file>
            <file>file:/var/www/enfusen.com/medstar/wp-content/plugins/settings/views/tracking-code.php</file>
            <file>file:/var/www/enfusen.com/medstar/wp-content/plugins/settings/views/conversion-urls.php</file>
            <file>file:/var/www/enfusen.com/medstar/wp-content/plugins/settings/views/new_location.php</file>
            <file>file:/var/www/enfusen.com/medstar/wp-content/plugins/settings/views/menus.php</file>
            <file>file:/var/www/enfusen.com/medstar/wp-content/plugins/settings/views/userlist.php</file>
        </group>
    </open-files>
</project-private>
